{"p_infected":{"0":0.1,"1":0.1066666667,"2":0.13,"3":0.14,"4":0.16,"5":0.17,"6":0.1833333333,"7":0.19,"8":0.11,"9":0.1166666667,"10":0.0966666667,"11":0.0866666667,"12":0.0833333333,"13":0.0766666667,"14":0.07,"15":0.07,"16":0.05,"17":0.0366666667,"18":0.04,"19":0.05,"20":0.04,"21":0.04,"22":0.0366666667,"23":0.0333333333,"24":0.0333333333,"25":0.0366666667,"26":0.03,"27":0.02,"28":0.0133333333,"29":0.01,"30":0.0066666667,"31":0.0033333333,"32":0.0033333333,"33":0.0,"34":0.0,"35":0.0,"36":0.0,"37":0.0,"38":0.0,"39":0.0,"40":0.0,"41":0.0,"42":0.0,"43":0.0,"44":0.0,"45":0.0,"46":0.0,"47":0.0,"48":0.0,"49":0.0,"50":0.0,"51":0.0,"52":0.0,"53":0.0,"54":0.0,"55":0.0,"56":0.0,"57":0.0,"58":0.0,"59":0.0,"60":0.0,"61":0.0,"62":0.0,"63":0.0,"64":0.0,"65":0.0,"66":0.0,"67":0.0,"68":0.0,"69":0.0,"70":0.0,"71":0.0,"72":0.0,"73":0.0,"74":0.0,"75":0.0,"76":0.0,"77":0.0,"78":0.0,"79":0.0,"80":0.0,"81":0.0,"82":0.0,"83":0.0,"84":0.0,"85":0.0,"86":0.0,"87":0.0,"88":0.0,"89":0.0,"90":0.0,"91":0.0,"92":0.0,"93":0.0,"94":0.0,"95":0.0,"96":0.0,"97":0.0,"98":0.0,"99":0.0},"p_infected_and_recovered":{"0":0.1,"1":0.1066666667,"2":0.13,"3":0.14,"4":0.16,"5":0.17,"6":0.1833333333,"7":0.19,"8":0.21,"9":0.2233333333,"10":0.2266666667,"11":0.2266666667,"12":0.2433333333,"13":0.2466666667,"14":0.2533333333,"15":0.26,"16":0.26,"17":0.26,"18":0.2666666667,"19":0.2766666667,"20":0.2833333333,"21":0.2866666667,"22":0.29,"23":0.2933333333,"24":0.2933333333,"25":0.2966666667,"26":0.2966666667,"27":0.2966666667,"28":0.2966666667,"29":0.2966666667,"30":0.2966666667,"31":0.2966666667,"32":0.2966666667,"33":0.2966666667,"34":0.2966666667,"35":0.2966666667,"36":0.2966666667,"37":0.2966666667,"38":0.2966666667,"39":0.2966666667,"40":0.2966666667,"41":0.2966666667,"42":0.2966666667,"43":0.2966666667,"44":0.2966666667,"45":0.2966666667,"46":0.2966666667,"47":0.2966666667,"48":0.2966666667,"49":0.2966666667,"50":0.2966666667,"51":0.2966666667,"52":0.2966666667,"53":0.2966666667,"54":0.2966666667,"55":0.2966666667,"56":0.2966666667,"57":0.2966666667,"58":0.2966666667,"59":0.2966666667,"60":0.2966666667,"61":0.2966666667,"62":0.2966666667,"63":0.2966666667,"64":0.2966666667,"65":0.2966666667,"66":0.2966666667,"67":0.2966666667,"68":0.2966666667,"69":0.2966666667,"70":0.2966666667,"71":0.2966666667,"72":0.2966666667,"73":0.2966666667,"74":0.2966666667,"75":0.2966666667,"76":0.2966666667,"77":0.2966666667,"78":0.2966666667,"79":0.2966666667,"80":0.2966666667,"81":0.2966666667,"82":0.2966666667,"83":0.2966666667,"84":0.2966666667,"85":0.2966666667,"86":0.2966666667,"87":0.2966666667,"88":0.2966666667,"89":0.2966666667,"90":0.2966666667,"91":0.2966666667,"92":0.2966666667,"93":0.2966666667,"94":0.2966666667,"95":0.2966666667,"96":0.2966666667,"97":0.2966666667,"98":0.2966666667,"99":0.2966666667},"p_infected_and_recovered_comm1":{"0":0.03,"1":0.03,"2":0.09,"3":0.09,"4":0.11,"5":0.13,"6":0.15,"7":0.15,"8":0.2,"9":0.22,"10":0.22,"11":0.22,"12":0.24,"13":0.25,"14":0.27,"15":0.29,"16":0.29,"17":0.29,"18":0.31,"19":0.34,"20":0.35,"21":0.36,"22":0.37,"23":0.38,"24":0.38,"25":0.38,"26":0.38,"27":0.38,"28":0.38,"29":0.38,"30":0.38,"31":0.38,"32":0.38,"33":0.38,"34":0.38,"35":0.38,"36":0.38,"37":0.38,"38":0.38,"39":0.38,"40":0.38,"41":0.38,"42":0.38,"43":0.38,"44":0.38,"45":0.38,"46":0.38,"47":0.38,"48":0.38,"49":0.38,"50":0.38,"51":0.38,"52":0.38,"53":0.38,"54":0.38,"55":0.38,"56":0.38,"57":0.38,"58":0.38,"59":0.38,"60":0.38,"61":0.38,"62":0.38,"63":0.38,"64":0.38,"65":0.38,"66":0.38,"67":0.38,"68":0.38,"69":0.38,"70":0.38,"71":0.38,"72":0.38,"73":0.38,"74":0.38,"75":0.38,"76":0.38,"77":0.38,"78":0.38,"79":0.38,"80":0.38,"81":0.38,"82":0.38,"83":0.38,"84":0.38,"85":0.38,"86":0.38,"87":0.38,"88":0.38,"89":0.38,"90":0.38,"91":0.38,"92":0.38,"93":0.38,"94":0.38,"95":0.38,"96":0.38,"97":0.38,"98":0.38,"99":0.38},"p_infected_and_recovered_comm2":{"0":0.11,"1":0.11,"2":0.12,"3":0.14,"4":0.17,"5":0.18,"6":0.18,"7":0.2,"8":0.2,"9":0.22,"10":0.22,"11":0.22,"12":0.23,"13":0.23,"14":0.23,"15":0.23,"16":0.23,"17":0.23,"18":0.23,"19":0.23,"20":0.23,"21":0.23,"22":0.23,"23":0.23,"24":0.23,"25":0.23,"26":0.23,"27":0.23,"28":0.23,"29":0.23,"30":0.23,"31":0.23,"32":0.23,"33":0.23,"34":0.23,"35":0.23,"36":0.23,"37":0.23,"38":0.23,"39":0.23,"40":0.23,"41":0.23,"42":0.23,"43":0.23,"44":0.23,"45":0.23,"46":0.23,"47":0.23,"48":0.23,"49":0.23,"50":0.23,"51":0.23,"52":0.23,"53":0.23,"54":0.23,"55":0.23,"56":0.23,"57":0.23,"58":0.23,"59":0.23,"60":0.23,"61":0.23,"62":0.23,"63":0.23,"64":0.23,"65":0.23,"66":0.23,"67":0.23,"68":0.23,"69":0.23,"70":0.23,"71":0.23,"72":0.23,"73":0.23,"74":0.23,"75":0.23,"76":0.23,"77":0.23,"78":0.23,"79":0.23,"80":0.23,"81":0.23,"82":0.23,"83":0.23,"84":0.23,"85":0.23,"86":0.23,"87":0.23,"88":0.23,"89":0.23,"90":0.23,"91":0.23,"92":0.23,"93":0.23,"94":0.23,"95":0.23,"96":0.23,"97":0.23,"98":0.23,"99":0.23},"p_infected_and_recovered_comm3":{"0":0.16,"1":0.18,"2":0.18,"3":0.19,"4":0.2,"5":0.2,"6":0.22,"7":0.22,"8":0.23,"9":0.23,"10":0.24,"11":0.24,"12":0.26,"13":0.26,"14":0.26,"15":0.26,"16":0.26,"17":0.26,"18":0.26,"19":0.26,"20":0.27,"21":0.27,"22":0.27,"23":0.27,"24":0.27,"25":0.28,"26":0.28,"27":0.28,"28":0.28,"29":0.28,"30":0.28,"31":0.28,"32":0.28,"33":0.28,"34":0.28,"35":0.28,"36":0.28,"37":0.28,"38":0.28,"39":0.28,"40":0.28,"41":0.28,"42":0.28,"43":0.28,"44":0.28,"45":0.28,"46":0.28,"47":0.28,"48":0.28,"49":0.28,"50":0.28,"51":0.28,"52":0.28,"53":0.28,"54":0.28,"55":0.28,"56":0.28,"57":0.28,"58":0.28,"59":0.28,"60":0.28,"61":0.28,"62":0.28,"63":0.28,"64":0.28,"65":0.28,"66":0.28,"67":0.28,"68":0.28,"69":0.28,"70":0.28,"71":0.28,"72":0.28,"73":0.28,"74":0.28,"75":0.28,"76":0.28,"77":0.28,"78":0.28,"79":0.28,"80":0.28,"81":0.28,"82":0.28,"83":0.28,"84":0.28,"85":0.28,"86":0.28,"87":0.28,"88":0.28,"89":0.28,"90":0.28,"91":0.28,"92":0.28,"93":0.28,"94":0.28,"95":0.28,"96":0.28,"97":0.28,"98":0.28,"99":0.28},"p_infected_comm1":{"0":0.03,"1":0.03,"2":0.09,"3":0.09,"4":0.11,"5":0.13,"6":0.15,"7":0.15,"8":0.17,"9":0.19,"10":0.13,"11":0.13,"12":0.13,"13":0.12,"14":0.12,"15":0.14,"16":0.09,"17":0.07,"18":0.09,"19":0.12,"20":0.11,"21":0.11,"22":0.1,"23":0.09,"24":0.09,"25":0.09,"26":0.07,"27":0.04,"28":0.03,"29":0.02,"30":0.01,"31":0.0,"32":0.0,"33":0.0,"34":0.0,"35":0.0,"36":0.0,"37":0.0,"38":0.0,"39":0.0,"40":0.0,"41":0.0,"42":0.0,"43":0.0,"44":0.0,"45":0.0,"46":0.0,"47":0.0,"48":0.0,"49":0.0,"50":0.0,"51":0.0,"52":0.0,"53":0.0,"54":0.0,"55":0.0,"56":0.0,"57":0.0,"58":0.0,"59":0.0,"60":0.0,"61":0.0,"62":0.0,"63":0.0,"64":0.0,"65":0.0,"66":0.0,"67":0.0,"68":0.0,"69":0.0,"70":0.0,"71":0.0,"72":0.0,"73":0.0,"74":0.0,"75":0.0,"76":0.0,"77":0.0,"78":0.0,"79":0.0,"80":0.0,"81":0.0,"82":0.0,"83":0.0,"84":0.0,"85":0.0,"86":0.0,"87":0.0,"88":0.0,"89":0.0,"90":0.0,"91":0.0,"92":0.0,"93":0.0,"94":0.0,"95":0.0,"96":0.0,"97":0.0,"98":0.0,"99":0.0},"p_infected_comm2":{"0":0.11,"1":0.11,"2":0.12,"3":0.14,"4":0.17,"5":0.18,"6":0.18,"7":0.2,"8":0.09,"9":0.11,"10":0.1,"11":0.08,"12":0.06,"13":0.05,"14":0.05,"15":0.03,"16":0.03,"17":0.01,"18":0.01,"19":0.01,"20":0.0,"21":0.0,"22":0.0,"23":0.0,"24":0.0,"25":0.0,"26":0.0,"27":0.0,"28":0.0,"29":0.0,"30":0.0,"31":0.0,"32":0.0,"33":0.0,"34":0.0,"35":0.0,"36":0.0,"37":0.0,"38":0.0,"39":0.0,"40":0.0,"41":0.0,"42":0.0,"43":0.0,"44":0.0,"45":0.0,"46":0.0,"47":0.0,"48":0.0,"49":0.0,"50":0.0,"51":0.0,"52":0.0,"53":0.0,"54":0.0,"55":0.0,"56":0.0,"57":0.0,"58":0.0,"59":0.0,"60":0.0,"61":0.0,"62":0.0,"63":0.0,"64":0.0,"65":0.0,"66":0.0,"67":0.0,"68":0.0,"69":0.0,"70":0.0,"71":0.0,"72":0.0,"73":0.0,"74":0.0,"75":0.0,"76":0.0,"77":0.0,"78":0.0,"79":0.0,"80":0.0,"81":0.0,"82":0.0,"83":0.0,"84":0.0,"85":0.0,"86":0.0,"87":0.0,"88":0.0,"89":0.0,"90":0.0,"91":0.0,"92":0.0,"93":0.0,"94":0.0,"95":0.0,"96":0.0,"97":0.0,"98":0.0,"99":0.0},"p_infected_comm3":{"0":0.16,"1":0.18,"2":0.18,"3":0.19,"4":0.2,"5":0.2,"6":0.22,"7":0.22,"8":0.07,"9":0.05,"10":0.06,"11":0.05,"12":0.06,"13":0.06,"14":0.04,"15":0.04,"16":0.03,"17":0.03,"18":0.02,"19":0.02,"20":0.01,"21":0.01,"22":0.01,"23":0.01,"24":0.01,