{"time":{"0":0,"1":1,"2":2,"3":3,"4":4,"5":5,"6":6,"7":7,"8":8,"9":9,"10":10,"11":11,"12":12,"13":13,"14":14,"15":15,"16":16,"17":17,"18":18,"19":19,"20":20,"21":21,"22":22,"23":23,"24":24,"25":25,"26":26,"27":27,"28":28,"29":29,"30":30,"31":31,"32":32,"33":33,"34":34,"35":35,"36":36,"37":37,"38":38,"39":39,"40":40,"41":41,"42":42,"43":43,"44":44,"45":45,"46":46,"47":47,"48":48,"49":49,"50":50,"51":51,"52":52,"53":53,"54":54,"55":55,"56":56,"57":57,"58":58,"59":59,"60":60,"61":61,"62":62,"63":63,"64":64,"65":65,"66":66,"67":67,"68":68,"69":69,"70":70,"71":71,"72":72,"73":73,"74":74,"75":75,"76":76,"77":77,"78":78,"79":79,"80":80,"81":81,"82":82,"83":83,"84":84,"85":85,"86":86,"87":87,"88":88,"89":89,"90":90,"91":91,"92":92,"93":93,"94":94,"95":95,"96":96,"97":97,"98":98,"99":99},"p_infected":{"0":0.1,"1":0.1033333333,"2":0.1033333333,"3":0.1066666667,"4":0.1266666667,"5":0.1266666667,"6":0.14,"7":0.1433333333,"8":0.0466666667,"9":0.0566666667,"10":0.0633333333,"11":0.0666666667,"12":0.0566666667,"13":0.06,"14":0.0566666667,"15":0.0666666667,"16":0.07,"17":0.0633333333,"18":0.0633333333,"19":0.0666666667,"20":0.0566666667,"21":0.0533333333,"22":0.0466666667,"23":0.0333333333,"24":0.03,"25":0.0233333333,"26":0.0166666667,"27":0.0066666667,"28":0.0133333333,"29":0.0133333333,"30":0.01,"31":0.0133333333,"32":0.01,"33":0.01,"34":0.01,"35":0.01,"36":0.0033333333,"37":0.0033333333,"38":0.0033333333,"39":0.0,"40":0.0,"41":0.0,"42":0.0,"43":0.0,"44":0.0,"45":0.0,"46":0.0,"47":0.0,"48":0.0,"49":0.0,"50":0.0,"51":0.0,"52":0.0,"53":0.0,"54":0.0,"55":0.0,"56":0.0,"57":0.0,"58":0.0,"59":0.0,"60":0.0,"61":0.0,"62":0.0,"63":0.0,"64":0.0,"65":0.0,"66":0.0,"67":0.0,"68":0.0,"69":0.0,"70":0.0,"71":0.0,"72":0.0,"73":0.0,"74":0.0,"75":0.0,"76":0.0,"77":0.0,"78":0.0,"79":0.0,"80":0.0,"81":0.0,"82":0.0,"83":0.0,"84":0.0,"85":0.0,"86":0.0,"87":0.0,"88":0.0,"89":0.0,"90":0.0,"91":0.0,"92":0.0,"93":0.0,"94":0.0,"95":0.0,"96":0.0,"97":0.0,"98":0.0,"99":0.0},"p_infected_comm1":{"0":0.13,"1":0.14,"2":0.14,"3":0.15,"4":0.2,"5":0.2,"6":0.22,"7":0.23,"8":0.11,"9":0.13,"10":0.14,"11":0.14,"12":0.12,"13":0.13,"14":0.12,"15":0.12,"16":0.12,"17":0.11,"18":0.11,"19":0.13,"20":0.1,"21":0.09,"22":0.09,"23":0.08,"24":0.08,"25":0.06,"26":0.05,"27":0.02,"28":0.03,"29":0.03,"30":0.02,"31":0.03,"32":0.02,"33":0.02,"34":0.02,"35":0.02,"36":0.01,"37":0.01,"38":0.01,"39":0.0,"40":0.0,"41":0.0,"42":0.0,"43":0.0,"44":0.0,"45":0.0,"46":0.0,"47":0.0,"48":0.0,"49":0.0,"50":0.0,"51":0.0,"52":0.0,"53":0.0,"54":0.0,"55":0.0,"56":0.0,"57":0.0,"58":0.0,"59":0.0,"60":0.0,"61":0.0,"62":0.0,"63":0.0,"64":0.0,"65":0.0,"66":0.0,"67":0.0,"68":0.0,"69":0.0,"70":0.0,"71":0.0,"72":0.0,"73":0.0,"74":0.0,"75":0.0,"76":0.0,"77":0.0,"78":0.0,"79":0.0,"80":0.0,"81":0.0,"82":0.0,"83":0.0,"84":0.0,"85":0.0,"86":0.0,"87":0.0,"88":0.0,"89":0.0,"90":0.0,"91":0.0,"92":0.0,"93":0.0,"94":0.0,"95":0.0,"96":0.0,"97":0.0,"98":0.0,"99":0.0},"p_infected_comm2":{"0":0.06,"1":0.06,"2":0.06,"3":0.06,"4":0.06,"5":0.06,"6":0.06,"7":0.06,"8":0.0,"9":0.01,"10":0.01,"11":0.02,"12":0.02,"13":0.02,"14":0.03,"15":0.05,"16":0.05,"17":0.04,"18":0.05,"19":0.04,"20":0.04,"21":0.04,"22":0.03,"23":0.01,"24":0.01,"25":0.01,"26":0.0,"27":0.0,"28":0.01,"29":0.01,"30":0.01,"31":0.01,"32":0.01,"33":0.01,"34":0.01,"35":0.01,"36":0.0,"37":0.0,"38":0.0,"39":0.0,"40":0.0,"41":0.0,"42":0.0,"43":0.0,"44":0.0,"45":0.0,"46":0.0,"47":0.0,"48":0.0,"49":0.0,"50":0.0,"51":0.0,"52":0.0,"53":0.0,"54":0.0,"55":0.0,"56":0.0,"57":0.0,"58":0.0,"59":0.0,"60":0.0,"61":0.0,"62":0.0,"63":0.0,"64":0.0,"65":0.0,"66":0.0,"67":0.0,"68":0.0,"69":0.0,"70":0.0,"71":0.0,"72":0.0,"73":0.0,"74":0.0,"75":0.0,"76":0.0,"77":0.0,"78":0.0,"79":0.0,"80":0.0,"81":0.0,"82":0.0,"83":0.0,"84":0.0,"85":0.0,"86":0.0,"87":0.0,"88":0.0,"89":0.0,"90":0.0,"91":0.0,"92":0.0,"93":0.0,"94":0.0,"95":0.0,"96":0.0,"97":0.0,"98":0.0,"99":0.0},"p_infected_comm3":{"0":0.11,"1":0.11,"2":0.11,"3":0.11,"4":0.12,"5":0.12,"6":0.14,"7":0.14,"8":0.03,"9":0.03,"10":0.04,"11":0.04,"12":0.03,"13":0.03,"14":0.02,"15":0.03,"16":0.04,"17":0.04,"18":0.03,"19":0.03,"20":0.03,"21":0.03,"22":0.02,"23":0.01,"24":0.0,"25":0.0,"26":0.0,"27":0.0,"28":0.0,"29":0.0,"30":0.0,"31":0.0,"32":0.0,"33":0.0,"34":0.0,"35":0.0,"36":0.0,"37":0.0,"38":0.0,"39":0.0,"40":0.0,"41":0.0,"42":0.0,"43":0.0,"44":0.0,"45":0.0,"46":0.0,"47":0.0,"48":0.0,"49":0.0,"50":0.0,"51":0.0,"52":0.0,"53":0.0,"54":0.0,"55":0.0,"56":0.0,"57":0.0,"58":0.0,"59":0.0,"60":0.0,"61":0.0,"62":0.0,"63":0.0,"64":0.0,"65":0.0,"66":0.0,"67":0.0,"68":0.0,"69":0.0,"70":0.0,"71":0.0,"72":0.0,"73":0.0,"74":0.0,"75":0.0,"76":0.0,"77":0.0,"78":0.0,"79":0.0,"80":0.0,"81":0.0,"82":0.0,"83":0.0,"84":0.0,"85":0.0,"86":0.0,"87":0.0,"88":0.0,"89":0.0,"90":0.0,"91":0.0,"92":0.0,"93":0.0,"94":0.0,"95":0.0,"96":0.0,"97":0.0,"98":0.0,"99":0.0},"p_infected_and_recovered":{"0":0.1,"1":0.1033333333,"2":0.1033333333,"3":0.1066666667,"4":0.1266666667,"5":0.1266666667,"6":0.14,"7":0.1433333333,"8":0.1466666667,"9":0.16,"10":0.1666666667,"11":0.1733333333,"12":0.1833333333,"13":0.1866666667,"14":0.1966666667,"15":0.21,"16":0.2166666667,"17":0.2233333333,"18":0.23,"19":0.24,"20":0.24,"21":0.24,"22":0.2433333333,"23":0.2433333333,"24":0.2466666667,"25":0.2466666667,"26":0.2466666667,"27":0.2466666667,"28":0.2533333333,"29":0.2533333333,"30":0.2533333333,"31":0.2566666667,"32":0.2566666667,"33":0.2566666667,"34":0.2566666667,"35":0.2566666667,"36":0.2566666667,"37":0.2566666667,"38":0.2566666667,"39":0.2566666667,"40":0.2566666667,"41":0.2566666667,"42":0.2566666667,"43":0.2566666667,"44":0.2566666667,"45":0.2566666667,"46":0.2566666667,"47":0.2566666667,"48":0.2566666667,"49":0.2566666667,"50":0.2566666667,"51":0.2566666667,"52":0.2566666667,"53":0.2566666667,"54":0.2566666667,"55":0.2566666667,"56":0.2566666667,"57":0.2566666667,"58":0.2566666667,"59":0.2566666667,"60":0.2566666667,"61":0.2566666667,"62":0.2566666667,"63":0.2566666667,"64":0.2566666667,"65":0.2566666667,"66":0.2566666667,"67":0.2566666667,"68":0.2566666667,"69":0.2566666667,"70":0.2566666667,"71":0.2566666667,"72":0.2566666667,"73":0.2566666667,"74":0.2566666667,"75":0.2566666667,"76":0.2566666667,"77":0.2566666667,"78":0.2566666667,"79":0.2566666667,"80":0.2566666667,"81":0.2566666667,"82":0.2566666667,"83":0.2566666667,"84":0.2566666667,"85":0.2566666667,"86":0.2566666667,"87":0.2566666667,"88":0.2566666667,"89":0.2566666667,"90":0.2566666667,"91":0.2566666667,"92":0.2566666667,"93":0.2566666667,"94":0.2566666667,"95":0.2566666667,"96":0.2566666667,"97":0.2566666667,"98":0.2566666667,"99":0.2566666667},"p_infected_and_recovered_comm1":{"0":0.13,"1":0.14,"2":0.14,"3":0.15,"4":0.2,"5":0.2,"6":0.22,"7":0.23,"8":0.24,"9":0.27,"10":0.28,"11":0.29,"12":0.32,"13":0.33,"14":0.34,"15":0.35,"16":0.36,"17":0.38,"18":0.39,"19":0.42,"20":0.42,"21":0.42,"22":0.43,"23":0.43,"24":0.44,"25":0.44,"26":0.44,"27":0.44,"28":0.45,"29":0.45,"30":0.45,"31":0.46,"32":0.46,"33":0.46,"34":0.46,"35":0.46,"36":0.46,"37":0.46,"38":0.46,"39":0.46,"40":0.46,"41":0.46,"42":0.46,"43":0.46,"44":0.46,"45":0.46,"46":0.46,"47":0.46,"48":0.46,"49":0.46,"50":0.46,"51":0.46,"52":0.46,"53":0.46,"54":0.46,"55":0.46,"56":0.46,"57":0.46,"58":0.46,"59":0.46,"60":0.46,"61":0.46,"62":0.46,"63":0.46,"64":0.46,"65":0.46,"66":0.46,"67":0.46,"68":0.46,"69":0.46,"70":0.46,"71":0.46,"72":0.46,"73":0.46,"74":0.46,"75":0.46,"76":0.46,"77":0.46,"78":0.46,"79":0.46,"80":0.46,"81":0.46,"82":0.46,"83":0.46,"84":0.46,"85":0.46,"86":0.46,"87":0.46,"88":0.46,"89":0.46,"90":0.46,"91":0.46,"92":0.46,"93":0.46,"94":0.46,"95":0.46,"96":0.46,"97":0.46,"98":0.46,"99":0.46},"p_infected_and_recovered_comm2":{"0":0.06,"1":0.06,"2":0.06,"3":0.06,"4":0.06,"5":0.06,"6":0.06,"7":0.06,"8":0.06,"9":0.07,"10":0.07,"11":0.08,"12":0.08,"13":0.08,"14":0.09,"15":0.11,"16":0.11,"17":0.11,"18":0.12,"19":0.12,"20":0.12,"21":0.12,"22":0.12,"23":0.12,"24":0.12,"25":0.12,"26":0.12,"27":0.12,"28":0.13,"29":0.13,"30":0.13,"31":0.13,"32":0.13,"33":0.13,"34":0.13,"35":0.13,"36":0.13,"37":0.13,"38":0.13,"39":0.13,